-221,-410,4G/AIoJDCS9+vI+W3lD5krgZgok=,t1dLpqrsryhxQI/TKQFNevOkink=
-222,-410,4G/AIoJDCS9+vI+W3lD5krgZgok=,t1dLpqrsryhxQI/TKQFNevOkink=
-224,-410,4G/AIoJDCS9+vI+W3lD5krgZgok=,t1dLpqrsryhxQI/TKQFNevOkink=
-223,-410,4G/AIoJDCS9+vI+W3lD5krgZgok=,t1dLpqrsryhxQI/TKQFNevOkink=
-221,-409,4G/AIoJDCS9+vI+W3lD5krgZgok=,t1dLpqrsryhxQI/TKQFNevOkink=
-221,-408,4G/AIoJDCS9+vI+W3lD5krgZgok=,t1dLpqrsryhxQI/TKQFNevOkink=
-221,-407,4G/AIoJDCS9+vI+W3lD5krgZgok=,t1dLpqrsryhxQI/TKQFNevOkink=
-222,-408,4G/AIoJDCS9+vI+W3lD5krgZgok=,t1dLpqrsryhxQI/TKQFNevOkink=
-223,-409,4G/AIoJDCS9+vI+W3lD5krgZgok=,t1dLpqrsryhxQI/TKQFNevOkink=
-222,-407,4G/AIoJDCS9+vI+W3lD5krgZgok=,t1dLpqrsryhxQI/TKQFNevOkink=
-224,-408,4G/AIoJDCS9+vI+W3lD5krgZgok=,921E02vdrSkTqIYJjgHfYT+vOkA=
-222,-409,4G/AIoJDCS9+vI+W3lD5krgZgok=,t1dLpqrsryhxQI/TKQFNevOkink=
-224,-407,4G/AIoJDCS9+vI+W3lD5krgZgok=,921E02vdrSkTqIYJjgHfYT+vOkA=
-223,-407,4G/AIoJDCS9+vI+W3lD5krgZgok=,921E02vdrSkTqIYJjgHfYT+vOkA=
-223,-408,4G/AIoJDCS9+vI+W3lD5krgZgok=,921E02vdrSkTqIYJjgHfYT+vOkA=
-224,-409,4G/AIoJDCS9+vI+W3lD5krgZgok=,t1dLpqrsryhxQI/TKQFNevOkink=
